2026-07-16 18:09:40,Unknown,0.22,unknown
2026-07-16 18:09:40,Unknown,0.16,unknown
2026-07-16 18:09:41,Unknown,0.20,unknown
2026-07-16 18:09:41,Unknown,0.22,unknown
2026-07-16 18:09:42,Unknown,0.16,unknown
2026-07-16 18:09:42,Unknown,0.17,unknown
2026-07-16 18:09:42,Unknown,0.35,unknown
2026-07-16 18:09:42,Unknown,0.37,unknown
2026-07-16 18:09:43,Unknown,0.33,unknown
2026-07-16 18:09:43,Unknown,0.33,unknown
2026-07-16 18:09:43,Unknown,0.32,unknown
2026-07-16 18:09:43,Unknown,0.33,unknown
2026-07-16 18:09:44,Unknown,0.38,unknown
2026-07-16 18:09:44,Unknown,0.19,unknown
2026-07-16 18:09:44,Unknown,0.38,unknown
2026-07-16 18:09:44,Unknown,0.40,unknown
2026-07-16 18:09:45,Unknown,0.38,unknown
2026-07-16 18:09:45,Unknown,0.36,unknown
2026-07-16 18:09:45,Unknown,0.34,unknown
2026-07-16 18:09:46,Unknown,0.36,unknown
2026-07-16 18:09:46,Unknown,0.36,unknown
2026-07-16 18:09:46,Unknown,0.32,unknown
2026-07-16 18:09:46,Unknown,0.23,unknown
2026-07-16 18:09:49,Unknown,0.17,unknown
2026-07-16 18:10:30,Unknown,0.16,unknown
2026-07-16 18:10:30,Unknown,0.26,unknown
2026-07-16 18:10:35,Unknown,0.30,unknown
2026-07-16 18:10:35,Unknown,0.22,unknown
2026-07-16 18:10:35,Unknown,0.20,unknown
2026-07-16 18:10:36,Unknown,0.23,unknown
2026-07-16 18:10:36,Unknown,0.25,unknown
2026-07-16 18:10:36,Unknown,0.22,unknown
2026-07-16 18:10:36,Unknown,0.23,unknown
2026-07-16 18:10:37,Unknown,0.23,unknown
2026-07-16 18:10:37,Unknown,0.22,unknown
2026-07-16 18:10:37,Unknown,0.22,unknown
2026-07-16 18:10:37,Unknown,0.18,unknown
2026-07-16 18:10:38,Unknown,0.18,unknown
2026-07-16 18:10:38,Unknown,0.24,unknown
2026-07-16 18:10:39,Unknown,0.23,unknown
2026-07-16 18:10:39,Unknown,0.22,unknown
2026-07-16 18:10:40,Unknown,0.18,unknown
2026-07-16 18:10:40,Unknown,0.22,unknown
2026-07-16 18:10:41,Unknown,0.24,unknown
2026-07-16 18:10:41,Unknown,0.20,unknown
2026-07-16 18:10:41,Unknown,0.26,unknown
2026-07-16 18:10:41,Unknown,0.22,unknown
2026-07-16 18:10:42,Unknown,0.23,unknown
2026-07-16 18:10:42,Unknown,0.23,unknown
2026-07-16 18:10:42,Unknown,0.23,unknown
2026-07-16 18:10:43,Unknown,0.21,unknown
2026-07-16 18:10:43,Unknown,0.19,unknown
2026-07-16 18:10:43,Unknown,0.20,unknown
2026-07-16 18:10:43,Unknown,0.20,unknown
2026-07-16 18:10:44,Unknown,0.22,unknown
2026-07-16 18:10:44,Unknown,0.20,unknown
2026-07-16 18:10:44,Unknown,0.23,unknown
2026-07-16 18:10:49,Unknown,0.26,unknown
2026-07-16 18:10:50,Unknown,0.23,unknown
2026-07-16 18:10:50,Unknown,0.22,unknown
2026-07-16 18:10:51,Unknown,0.24,unknown
2026-07-16 18:10:51,Unknown,0.26,unknown
2026-07-16 18:10:51,Unknown,0.19,unknown
2026-07-16 18:10:52,Unknown,0.24,unknown
2026-07-16 18:10:52,Unknown,0.24,unknown
2026-07-16 18:10:52,Unknown,0.28,unknown
2026-07-16 18:10:52,Unknown,0.23,unknown
2026-07-16 18:10:53,Unknown,0.16,unknown
2026-07-16 18:10:53,Unknown,0.23,unknown
2026-07-16 18:10:54,Unknown,0.27,unknown
2026-07-16 18:10:54,Unknown,0.22,unknown
2026-07-16 18:10:54,Unknown,0.25,unknown
2026-07-16 18:10:55,Unknown,0.25,unknown
2026-07-16 18:10:55,Unknown,0.23,unknown
2026-07-16 18:10:55,Unknown,0.18,unknown
2026-07-16 18:10:55,Unknown,0.21,unknown
2026-07-16 18:10:56,Unknown,0.21,unknown
2026-07-16 18:10:57,Unknown,0.21,unknown
2026-07-16 18:10:58,Unknown,0.27,unknown
2026-07-16 18:10:58,Unknown,0.30,unknown
2026-07-16 18:10:59,Unknown,0.24,unknown
2026-07-16 18:10:59,Unknown,0.22,unknown
2026-07-16 18:11:08,Unknown,0.16,unknown
2026-07-16 18:11:15,Unknown,0.19,unknown
2026-07-16 18:11:18,Unknown,0.46,unknown
2026-07-16 18:11:19,Unknown,0.56,unknown
2026-07-16 18:11:19,Unknown,0.55,unknown
2026-07-16 18:11:20,Unknown,0.53,unknown
2026-07-16 18:11:20,Unknown,0.55,unknown
2026-07-16 18:11:20,Unknown,0.55,unknown
2026-07-16 18:11:21,Unknown,0.54,unknown
2026-07-16 18:11:21,Unknown,0.57,unknown
2026-07-16 18:11:21,Unknown,0.53,unknown
2026-07-16 18:11:22,Unknown,0.54,unknown
2026-07-16 18:11:22,Unknown,0.53,unknown
2026-07-16 18:11:23,Unknown,0.53,unknown
2026-07-16 18:11:23,Unknown,0.55,unknown
2026-07-16 18:11:23,Unknown,0.55,unknown
2026-07-16 18:11:23,Unknown,0.59,unknown
2026-07-16 18:11:24,Unknown,0.58,unknown
2026-07-16 18:11:24,Unknown,0.51,unknown
2026-07-16 18:11:25,Unknown,0.58,unknown
2026-07-16 18:11:25,Unknown,0.59,unknown
2026-07-16 18:11:26,Unknown,0.43,unknown
2026-07-16 18:11:26,Unknown,0.49,unknown
2026-07-16 18:11:27,Unknown,0.45,unknown
2026-07-16 18:11:27,Unknown,0.44,unknown
2026-07-16 18:11:27,Unknown,0.45,unknown
2026-07-16 18:11:27,Unknown,0.46,unknown
2026-07-16 18:11:28,Unknown,0.44,unknown
2026-07-16 18:11:28,Unknown,0.42,unknown
2026-07-16 18:11:28,Unknown,0.40,unknown
2026-07-16 18:11:28,Unknown,0.43,unknown
2026-07-16 18:11:29,Unknown,0.50,unknown
2026-07-16 18:11:29,Unknown,0.43,unknown
2026-07-16 18:11:29,Unknown,0.45,unknown
2026-07-16 18:11:30,Unknown,0.45,unknown
2026-07-16 18:11:35,Unknown,0.54,unknown
2026-07-16 18:11:35,Unknown,0.55,unknown
2026-07-16 18:11:35,Unknown,0.50,unknown
2026-07-16 18:11:35,Unknown,0.51,unknown
2026-07-16 18:11:36,Unknown,0.51,unknown
2026-07-16 18:11:36,Unknown,0.45,unknown
2026-07-16 18:11:36,Unknown,0.43,unknown
2026-07-16 18:11:36,Unknown,0.45,unknown
2026-07-16 18:11:37,Unknown,0.51,unknown
2026-07-16 18:11:37,Unknown,0.58,unknown
2026-07-16 18:11:37,Unknown,0.55,unknown
2026-07-16 18:11:37,Unknown,0.55,unknown
2026-07-16 18:11:38,Unknown,0.56,unknown
2026-07-16 18:11:38,Unknown,0.52,unknown
2026-07-16 18:11:38,Unknown,0.54,unknown
2026-07-16 18:11:38,Unknown,0.55,unknown
2026-07-16 18:11:39,Unknown,0.55,unknown
2026-07-16 18:11:39,Unknown,0.53,unknown
2026-07-16 18:11:39,Unknown,0.54,unknown
2026-07-16 18:11:40,Unknown,0.52,unknown
2026-07-16 18:11:40,Unknown,0.33,unknown
2026-07-16 18:11:41,Unknown,0.12,unknown
2026-07-16 18:11:41,Unknown,0.13,unknown
2026-07-16 18:11:41,Unknown,0.13,unknown
2026-07-16 18:11:41,Unknown,0.12,unknown
2026-07-16 18:11:41,Unknown,0.15,unknown
2026-07-16 18:11:42,Unknown,0.13,unknown
2026-07-16 18:11:42,Unknown,0.14,unknown
2026-07-16 18:11:42,Unknown,0.17,unknown
2026-07-16 18:11:42,Unknown,0.13,unknown
2026-07-16 18:11:43,Unknown,0.15,unknown
2026-07-16 18:11:43,Unknown,0.13,unknown
2026-07-16 18:11:43,Unknown,0.12,unknown
2026-07-16 18:11:43,Unknown,0.13,unknown
2026-07-16 18:11:44,Unknown,0.14,unknown
2026-07-16 18:11:44,Unknown,0.11,unknown
2026-07-16 18:11:44,Unknown,0.13,unknown
2026-07-16 18:11:46,Unknown,0.15,unknown
2026-07-16 18:11:46,Unknown,0.15,unknown
2026-07-16 18:11:49,Unknown,0.22,unknown
2026-07-16 18:11:52,Unknown,0.43,unknown
2026-07-16 18:11:52,Unknown,0.54,unknown
2026-07-16 18:11:53,Unknown,0.24,unknown
2026-07-16 18:11:53,Unknown,0.21,unknown
2026-07-16 18:11:53,Unknown,0.51,unknown
2026-07-16 18:11:54,Unknown,0.58,unknown
2026-07-16 18:11:54,Unknown,0.58,unknown
2026-07-16 18:11:54,Unknown,0.55,unknown
2026-07-16 18:11:55,Unknown,0.59,unknown
2026-07-16 18:11:55,Unknown,0.57,unknown
2026-07-16 18:11:55,Unknown,0.57,unknown
2026-07-16 18:11:55,Unknown,0.56,unknown
2026-07-16 18:11:56,Unknown,0.57,unknown
2026-07-16 18:11:56,Unknown,0.56,unknown
2026-07-16 18:11:56,Unknown,0.58,unknown
2026-07-16 18:11:56,Unknown,0.58,unknown
2026-07-16 18:11:57,Unknown,0.57,unknown
2026-07-16 18:11:57,Unknown,0.58,unknown
2026-07-16 18:11:57,Unknown,0.57,unknown
2026-07-16 18:11:58,Unknown,0.58,unknown
2026-07-16 18:11:58,Unknown,0.58,unknown
2026-07-16 18:11:58,Unknown,0.14,unknown
2026-07-16 18:11:58,Unknown,0.52,unknown
2026-07-16 18:11:59,Unknown,0.59,unknown
2026-07-16 18:11:59,Unknown,0.57,unknown
2026-07-16 18:11:59,Unknown,0.58,unknown
2026-07-16 18:11:59,Unknown,0.59,unknown
2026-07-16 18:12:00,Unknown,0.57,unknown
2026-07-16 18:12:00,Unknown,0.58,unknown
2026-07-16 18:12:00,Unknown,0.58,unknown
2026-07-16 18:12:00,Unknown,0.50,unknown
2026-07-16 18:12:01,Unknown,0.21,unknown
2026-07-16 18:12:01,Unknown,0.36,unknown
2026-07-16 18:12:01,Unknown,0.41,unknown
2026-07-16 18:12:02,Unknown,0.55,unknown
2026-07-16 18:12:02,Unknown,0.52,unknown
2026-07-16 18:12:12,Unknown,0.20,unknown
2026-07-16 18:12:13,Unknown,0.20,unknown
2026-07-16 18:12:13,Unknown,0.18,unknown
2026-07-16 18:12:15,Unknown,0.15,unknown
2026-07-16 18:12:16,Unknown,0.22,unknown
2026-07-16 18:12:18,Unknown,0.15,unknown
2026-07-16 18:12:18,Unknown,0.18,unknown
2026-07-16 18:12:19,Unknown,0.16,unknown
2026-07-16 18:12:19,Unknown,0.55,unknown
2026-07-16 18:12:19,Unknown,0.55,unknown
2026-07-16 18:12:20,Unknown,0.56,unknown
2026-07-16 18:12:20,Unknown,0.50,unknown
2026-07-16 18:12:20,Unknown,0.57,unknown
2026-07-16 18:12:20,Unknown,0.49,unknown
2026-07-16 18:12:21,Unknown,0.57,unknown
2026-07-16 18:12:21,Unknown,0.57,unknown
2026-07-16 18:12:21,Unknown,0.57,unknown
2026-07-16 18:12:22,Unknown,0.59,unknown
2026-07-16 18:12:22,Unknown,0.58,unknown
2026-07-16 18:12:22,Unknown,0.53,unknown
2026-07-16 18:12:22,Unknown,0.58,unknown
2026-07-16 18:12:23,Unknown,0.43,unknown
2026-07-16 18:12:23,Unknown,0.56,unknown
2026-07-16 18:12:23,Unknown,0.56,unknown
2026-07-16 18:12:23,Unknown,0.56,unknown
2026-07-16 18:12:24,Unknown,0.56,unknown
2026-07-16 18:12:24,Unknown,0.57,unknown
2026-07-16 18:12:24,Unknown,0.56,unknown
2026-07-16 18:12:25,Unknown,0.58,unknown
2026-07-16 18:12:25,Unknown,0.57,unknown
2026-07-16 18:12:25,Unknown,0.55,unknown
2026-07-16 18:12:25,Unknown,0.56,unknown
2026-07-16 18:12:26,Unknown,0.57,unknown
2026-07-16 18:12:26,Unknown,0.57,unknown
2026-07-16 18:12:26,Unknown,0.54,unknown
2026-07-16 18:12:26,Unknown,0.57,unknown
2026-07-16 18:12:27,Unknown,0.55,unknown
2026-07-16 18:12:27,Unknown,0.56,unknown
2026-07-16 18:12:27,Unknown,0.54,unknown
2026-07-16 18:12:28,Unknown,0.57,unknown
2026-07-16 18:12:28,Unknown,0.56,unknown
2026-07-16 18:12:28,Unknown,0.57,unknown
2026-07-16 18:12:28,Unknown,0.56,unknown
2026-07-16 18:12:29,Unknown,0.58,unknown
2026-07-16 18:12:29,Unknown,0.58,unknown
2026-07-16 18:12:29,Unknown,0.59,unknown
2026-07-16 18:12:29,Unknown,0.58,unknown
2026-07-16 18:12:30,Unknown,0.58,unknown
2026-07-16 18:12:30,Unknown,0.58,unknown
2026-07-16 18:12:30,Unknown,0.56,unknown
2026-07-16 18:12:30,Unknown,0.33,unknown
2026-07-16 18:12:31,Unknown,0.54,unknown
2026-07-16 18:12:31,Unknown,0.57,unknown
2026-07-16 18:12:31,Unknown,0.56,unknown
2026-07-16 18:12:31,Unknown,0.58,unknown
2026-07-16 18:12:32,Unknown,0.58,unknown
2026-07-16 18:12:32,Unknown,0.58,unknown
2026-07-16 18:12:33,Unknown,0.55,unknown
2026-07-16 18:12:33,Unknown,0.56,unknown
2026-07-16 18:12:33,Unknown,0.50,unknown
2026-07-16 18:12:33,Unknown,0.52,unknown
2026-07-16 18:12:33,Unknown,0.49,unknown
2026-07-16 18:12:34,Unknown,0.52,unknown
2026-07-16 18:12:34,Unknown,0.54,unknown
2026-07-16 18:12:34,Unknown,0.55,unknown
2026-07-16 18:12:35,Unknown,0.56,unknown
2026-07-16 18:12:35,Unknown,0.56,unknown
2026-07-16 18:12:35,Unknown,0.55,unknown
2026-07-16 18:12:35,Unknown,0.55,unknown
2026-07-16 18:12:35,Unknown,0.57,unknown
2026-07-16 18:12:36,Unknown,0.56,unknown
2026-07-16 18:12:36,Unknown,0.56,unknown
2026-07-16 18:12:36,Unknown,0.57,unknown
2026-07-16 18:12:37,Unknown,0.56,unknown
2026-07-16 18:12:37,Unknown,0.56,unknown
2026-07-16 18:12:37,Unknown,0.55,unknown
2026-07-16 18:12:38,Unknown,0.56,unknown
2026-07-16 18:12:38,Unknown,0.56,unknown
2026-07-16 18:12:38,Unknown,0.55,unknown
2026-07-16 18:12:38,Unknown,0.56,unknown
2026-07-16 18:12:39,Unknown,0.57,unknown
2026-07-16 18:12:39,Unknown,0.58,unknown
2026-07-16 18:12:39,Unknown,0.58,unknown
2026-07-16 18:12:39,Unknown,0.57,unknown
2026-07-16 18:12:40,Unknown,0.59,unknown
2026-07-16 18:12:40,Unknown,0.57,unknown
2026-07-16 18:12:40,Unknown,0.57,unknown
2026-07-16 18:12:40,Unknown,0.55,unknown
2026-07-16 18:12:41,Unknown,0.56,unknown
2026-07-16 18:12:41,Unknown,0.57,unknown
2026-07-16 18:12:41,Unknown,0.56,unknown
2026-07-16 18:12:41,Unknown,0.57,unknown
2026-07-16 18:12:42,Unknown,0.57,unknown
2026-07-16 18:12:42,Unknown,0.57,unknown
2026-07-16 18:12:42,Unknown,0.58,unknown
2026-07-16 18:12:42,Unknown,0.57,unknown
2026-07-16 18:12:43,Unknown,0.58,unknown
2026-07-16 18:12:43,Unknown,0.57,unknown
2026-07-16 18:12:43,Unknown,0.55,unknown
2026-07-16 18:12:43,Unknown,0.58,unknown
2026-07-16 18:12:44,Unknown,0.57,unknown
2026-07-16 18:12:44,Unknown,0.57,unknown
2026-07-16 18:12:44,Unknown,0.58,unknown
2026-07-16 18:12:44,Unknown,0.58,unknown
2026-07-16 18:12:45,Unknown,0.57,unknown
2026-07-16 18:12:45,Unknown,0.58,unknown
2026-07-16 18:12:45,Unknown,0.57,unknown
2026-07-16 18:12:45,Unknown,0.56,unknown
2026-07-16 18:12:46,Unknown,0.57,unknown
2026-07-16 18:12:46,Unknown,0.40,unknown
2026-07-16 18:12:46,Unknown,0.45,unknown
2026-07-16 18:12:46,Unknown,0.44,unknown
2026-07-16 18:12:47,Unknown,0.50,unknown
2026-07-16 18:12:47,Unknown,0.52,unknown
2026-07-16 18:12:47,Unknown,0.50,unknown
2026-07-16 18:12:48,Unknown,0.50,unknown
2026-07-16 18:12:48,Unknown,0.48,unknown
2026-07-16 18:12:48,Unknown,0.48,unknown
2026-07-16 18:12:48,Unknown,0.47,unknown
2026-07-16 18:12:49,Unknown,0.52,unknown
2026-07-16 18:12:49,Unknown,0.52,unknown
2026-07-16 18:12:49,Unknown,0.52,unknown
2026-07-16 18:12:50,Unknown,0.47,unknown
2026-07-16 18:12:50,Unknown,0.48,unknown
2026-07-16 18:12:50,Unknown,0.49,unknown
2026-07-16 18:12:51,Unknown,0.47,unknown
2026-07-16 18:12:51,Unknown,0.49,unknown
2026-07-16 18:12:51,Unknown,0.46,unknown
2026-07-16 18:12:51,Unknown,0.53,unknown
2026-07-16 18:12:52,Unknown,0.50,unknown
2026-07-16 18:12:52,Unknown,0.46,unknown
2026-07-16 18:12:52,Unknown,0.46,unknown
2026-07-16 18:12:52,Unknown,0.46,unknown
2026-07-16 18:12:53,Unknown,0.48,unknown
2026-07-16 18:12:53,Unknown,0.44,unknown
2026-07-16 18:12:53,Unknown,0.26,unknown
2026-07-16 18:12:54,Unknown,0.21,unknown
2026-07-16 18:13:10,Unknown,0.16,unknown
2026-07-16 18:13:11,Unknown,0.14,unknown
2026-07-16 18:13:12,Unknown,0.15,unknown
2026-07-16 18:14:17,Unknown,0.20,unknown
2026-07-16 18:14:18,Unknown,0.32,unknown
2026-07-16 18:14:18,Unknown,0.31,unknown
2026-07-16 18:14:19,Unknown,0.29,unknown
2026-07-16 18:14:20,Unknown,0.41,unknown
2026-07-16 18:14:20,Unknown,0.38,unknown
2026-07-16 18:14:20,Unknown,0.50,unknown
2026-07-16 18:14:21,Unknown,0.53,unknown
2026-07-16 18:14:21,Unknown,0.57,unknown
2026-07-16 18:14:21,Unknown,0.54,unknown
2026-07-16 18:14:21,Unknown,0.55,unknown
2026-07-16 18:14:22,Unknown,0.56,unknown
2026-07-16 18:14:22,Unknown,0.48,unknown
2026-07-16 18:14:23,Unknown,0.58,unknown
2026-07-16 18:14:23,Unknown,0.47,unknown
2026-07-16 18:14:23,Unknown,0.57,unknown
2026-07-16 18:14:24,Unknown,0.57,unknown
2026-07-16 18:14:24,Unknown,0.53,unknown
2026-07-16 18:14:24,Unknown,0.56,unknown
2026-07-16 18:14:25,Unknown,0.55,unknown
2026-07-16 18:14:25,Unknown,0.55,unknown
2026-07-16 18:14:25,Unknown,0.56,unknown
2026-07-16 18:14:26,Unknown,0.57,unknown
2026-07-16 18:14:26,Unknown,0.57,unknown
2026-07-16 18:14:26,Unknown,0.57,unknown
2026-07-16 18:14:27,Unknown,0.56,unknown
2026-07-16 18:14:27,Unknown,0.57,unknown
2026-07-16 18:14:28,Unknown,0.57,unknown
2026-07-16 18:14:28,Unknown,0.56,unknown
2026-07-16 18:14:28,Unknown,0.58,unknown
2026-07-16 18:14:29,Unknown,0.58,unknown
2026-07-16 18:14:29,Unknown,0.58,unknown
2026-07-16 18:14:30,Unknown,0.57,unknown
2026-07-16 18:14:30,Unknown,0.38,unknown
2026-07-16 18:14:30,Unknown,0.56,unknown
2026-07-16 18:14:31,Unknown,0.59,unknown
2026-07-16 18:14:31,Unknown,0.57,unknown
2026-07-16 18:14:32,Unknown,0.58,unknown
2026-07-16 18:14:33,Unknown,0.13,unknown
2026-07-16 18:14:35,Unknown,0.30,unknown
2026-07-16 18:14:36,Unknown,0.56,unknown
2026-07-16 18:14:36,Unknown,0.57,unknown
2026-07-16 18:14:36,Unknown,0.59,unknown
2026-07-16 18:14:36,Unknown,0.57,unknown
2026-07-16 18:14:37,Unknown,0.58,unknown
2026-07-16 18:14:37,Unknown,0.59,unknown
2026-07-16 18:14:37,Unknown,0.57,unknown
2026-07-16 18:14:38,Unknown,0.59,unknown
2026-07-16 18:14:38,Unknown,0.57,unknown
2026-07-16 18:14:38,Unknown,0.58,unknown
2026-07-16 18:14:38,Unknown,0.58,unknown
2026-07-16 18:14:39,Unknown,0.57,unknown
2026-07-16 18:14:39,Unknown,0.57,unknown
2026-07-16 18:14:40,Unknown,0.58,unknown
2026-07-16 18:14:40,Unknown,0.48,unknown
2026-07-16 18:14:40,Unknown,0.39,unknown
2026-07-16 18:14:41,Unknown,0.36,unknown
2026-07-16 18:14:41,Unknown,0.51,unknown
2026-07-16 18:14:41,Unknown,0.47,unknown
2026-07-16 18:14:41,Unknown,0.58,unknown
2026-07-16 18:14:42,Unknown,0.58,unknown
2026-07-16 18:14:42,Unknown,0.56,unknown
2026-07-16 18:14:42,Unknown,0.58,unknown
2026-07-16 18:14:42,Unknown,0.57,unknown
2026-07-16 18:14:43,Unknown,0.58,unknown
2026-07-16 18:14:43,Unknown,0.57,unknown
2026-07-16 18:14:43,Unknown,0.59,unknown
2026-07-16 18:14:43,Unknown,0.58,unknown
2026-07-16 18:14:44,Unknown,0.57,unknown
2026-07-16 18:14:44,Unknown,0.57,unknown
2026-07-16 18:14:44,Unknown,0.58,unknown
2026-07-16 18:14:44,Unknown,0.56,unknown
2026-07-16 18:14:45,Unknown,0.59,unknown
2026-07-16 18:14:45,Unknown,0.59,unknown
2026-07-16 18:14:45,Unknown,0.58,unknown
2026-07-16 18:14:45,Unknown,0.58,unknown
2026-07-16 18:14:46,Unknown,0.58,unknown
2026-07-16 18:14:46,Unknown,0.58,unknown
2026-07-16 18:14:46,Unknown,0.58,unknown
2026-07-16 18:14:46,Unknown,0.58,unknown
2026-07-16 18:14:47,Unknown,0.59,unknown
2026-07-16 18:14:47,Unknown,0.59,unknown
2026-07-16 18:14:47,Unknown,0.57,unknown
2026-07-16 18:14:48,Unknown,0.59,unknown
2026-07-16 18:14:48,Unknown,0.59,unknown
2026-07-16 18:14:48,Unknown,0.56,unknown
2026-07-16 18:14:48,Unknown,0.56,unknown
2026-07-16 18:14:49,Unknown,0.58,unknown
2026-07-16 18:14:49,Unknown,0.58,unknown
2026-07-16 18:14:49,Unknown,0.58,unknown
2026-07-16 18:14:49,Unknown,0.57,unknown
2026-07-16 18:14:50,Unknown,0.59,unknown
2026-07-16 18:14:50,Unknown,0.58,unknown
2026-07-16 18:14:50,Unknown,0.59,unknown
2026-07-16 18:14:51,Unknown,0.43,unknown
2026-07-16 18:14:51,Unknown,0.55,unknown
2026-07-16 18:14:51,Unknown,0.56,unknown
2026-07-16 18:14:51,Unknown,0.57,unknown
2026-07-16 18:14:52,Unknown,0.57,unknown
2026-07-16 18:14:52,Unknown,0.55,unknown
2026-07-16 18:14:52,Unknown,0.56,unknown
2026-07-16 18:14:53,Unknown,0.55,unknown
2026-07-16 18:14:53,Unknown,0.58,unknown
2026-07-16 18:14:53,Unknown,0.15,unknown
2026-07-16 18:14:53,Unknown,0.58,unknown
2026-07-16 18:14:54,Unknown,0.57,unknown
2026-07-16 18:14:54,Unknown,0.42,unknown
2026-07-16 18:14:54,Unknown,0.14,unknown
2026-07-16 18:15:06,Unknown,0.17,unknown
2026-07-16 18:25:17,Unknown,0.32,unknown
2026-07-16 18:25:18,Unknown,0.32,unknown
2026-07-16 18:25:18,Unknown,0.34,unknown
2026-07-16 18:25:18,Unknown,0.17,unknown
2026-07-16 18:25:19,Unknown,0.22,unknown
2026-07-16 18:25:20,Unknown,0.20,unknown
2026-07-16 18:25:20,Unknown,0.27,unknown
2026-07-16 18:32:22,Unknown,0.14,unknown
2026-07-16 18:32:23,Unknown,0.17,unknown
2026-07-16 18:32:23,Unknown,0.22,unknown
2026-07-16 18:32:23,Unknown,0.34,unknown
2026-07-16 18:32:24,Unknown,0.18,unknown
2026-07-16 18:32:55,Unknown,0.17,unknown
2026-07-16 18:32:55,Unknown,0.23,unknown
2026-07-16 18:32:55,Unknown,0.23,unknown
2026-07-16 18:32:56,Unknown,0.35,unknown
2026-07-16 18:32:56,Unknown,0.48,unknown
2026-07-16 18:32:56,Unknown,0.49,unknown
2026-07-16 18:32:57,Unknown,0.48,unknown
2026-07-16 18:32:57,Unknown,0.51,unknown
2026-07-16 18:32:57,Unknown,0.46,unknown
2026-07-16 18:32:58,Unknown,0.39,unknown
2026-07-16 18:32:58,Unknown,0.15,unknown
2026-07-16 18:32:58,Unknown,0.39,unknown
2026-07-16 18:32:59,Unknown,0.21,unknown
2026-07-16 18:32:59,Unknown,0.37,unknown
2026-07-16 18:32:59,Unknown,0.38,unknown
2026-07-16 18:33:00,Unknown,0.47,unknown
2026-07-16 18:33:00,Unknown,0.51,unknown
2026-07-16 18:33:00,Unknown,0.52,unknown
2026-07-16 18:33:01,Unknown,0.52,unknown
2026-07-16 18:33:01,Unknown,0.47,unknown
2026-07-16 18:33:01,Unknown,0.50,unknown
2026-07-16 18:33:02,Unknown,0.47,unknown
2026-07-16 18:33:02,Unknown,0.28,unknown
2026-07-16 18:35:25,Unknown,0.19,unknown
2026-07-16 18:35:25,Unknown,0.23,unknown
2026-07-16 18:35:27,Unknown,0.28,unknown
2026-07-16 18:35:27,Unknown,0.29,unknown
2026-07-16 18:35:27,Unknown,0.28,unknown
2026-07-16 18:41:03,Unknown,0.31,unknown
2026-07-16 18:41:03,Unknown,0.17,unknown
2026-07-16 18:41:03,Unknown,0.26,unknown
2026-07-16 18:41:04,Unknown,0.25,unknown
2026-07-16 18:41:04,Unknown,0.29,unknown
2026-07-16 18:41:04,Unknown,0.29,unknown
2026-07-16 18:41:05,Unknown,0.19,unknown
2026-07-16 18:41:05,Unknown,0.20,unknown
2026-07-16 18:41:05,Unknown,0.23,unknown
2026-07-16 18:41:07,Unknown,0.17,unknown
2026-07-16 18:41:07,Unknown,0.22,unknown
2026-07-16 18:41:09,Unknown,0.13,unknown
2026-07-16 18:41:09,Unknown,0.15,unknown
2026-07-16 18:41:10,Unknown,0.53,unknown
2026-07-16 18:41:10,Unknown,0.56,unknown
2026-07-16 18:41:10,Unknown,0.49,unknown
2026-07-16 18:41:10,Unknown,0.54,unknown
2026-07-16 18:41:11,Unknown,0.55,unknown
2026-07-16 18:41:11,Unknown,0.55,unknown
2026-07-16 18:41:11,Unknown,0.52,unknown
2026-07-16 18:41:11,Unknown,0.54,unknown
2026-07-16 18:41:11,Unknown,0.52,unknown
2026-07-16 18:41:12,Unknown,0.53,unknown
2026-07-16 18:41:12,Unknown,0.52,unknown
2026-07-16 18:41:12,Unknown,0.56,unknown
2026-07-16 18:41:12,Unknown,0.55,unknown
2026-07-16 18:41:12,Unknown,0.55,unknown
2026-07-16 18:41:12,Unknown,0.55,unknown
2026-07-16 18:41:13,Unknown,0.54,unknown
2026-07-16 18:41:13,Unknown,0.55,unknown
2026-07-16 18:41:13,Unknown,0.55,unknown
2026-07-16 18:41:13,Unknown,0.56,unknown
2026-07-16 18:41:14,Unknown,0.54,unknown
2026-07-16 18:41:14,Unknown,0.45,unknown
2026-07-16 18:41:14,Unknown,0.48,unknown
2026-07-16 18:41:14,Unknown,0.46,unknown
2026-07-16 18:41:14,Unknown,0.47,unknown
2026-07-16 18:41:14,Unknown,0.40,unknown
2026-07-16 18:41:15,Unknown,0.47,unknown
2026-07-16 18:41:15,Unknown,0.41,unknown
2026-07-16 18:41:15,Unknown,0.37,unknown
2026-07-16 18:41:15,Unknown,0.47,unknown
2026-07-16 18:41:16,Unknown,0.49,unknown
2026-07-16 18:41:16,Unknown,0.48,unknown
2026-07-16 18:41:16,Unknown,0.48,unknown
2026-07-16 18:41:16,Unknown,0.45,unknown
2026-07-16 18:41:16,Unknown,0.50,unknown
2026-07-16 18:41:17,Unknown,0.53,unknown
2026-07-16 18:41:17,Unknown,0.51,unknown
2026-07-16 18:41:17,Unknown,0.50,unknown
2026-07-16 18:41:18,Unknown,0.22,unknown
2026-07-16 18:41:20,Unknown,0.19,unknown
2026-07-17 09:10:46,Unknown,0.14,unknown
2026-07-17 09:10:46,Unknown,0.23,unknown
2026-07-17 09:10:46,Unknown,0.22,unknown
2026-07-17 09:10:46,Unknown,0.23,unknown
2026-07-17 09:10:47,Unknown,0.20,unknown
2026-07-17 09:10:47,Unknown,0.18,unknown
2026-07-17 09:10:47,Unknown,0.21,unknown
2026-07-17 09:10:47,Unknown,0.29,unknown
2026-07-17 09:10:47,Unknown,0.16,unknown
2026-07-17 09:11:02,Unknown,0.17,unknown
2026-07-17 09:11:02,Unknown,0.17,unknown
2026-07-17 09:11:02,Unknown,0.16,unknown
2026-07-17 09:11:02,Unknown,0.16,unknown
2026-07-17 09:11:02,Unknown,0.15,unknown
2026-07-17 09:11:02,Unknown,0.16,unknown
2026-07-17 09:11:02,Unknown,0.17,unknown
2026-07-17 09:11:03,Unknown,0.15,unknown
2026-07-17 09:11:03,Unknown,0.18,unknown
2026-07-17 09:11:03,Unknown,0.16,unknown
2026-07-17 09:11:03,s02,0.60,known
2026-07-17 09:11:03,s02,0.60,known
2026-07-17 09:11:04,s02,0.56,known
2026-07-17 09:11:04,Unknown,0.12,unknown
2026-07-17 09:11:04,Unknown,0.41,unknown
2026-07-17 09:11:04,Unknown,0.15,unknown
2026-07-17 09:11:04,Unknown,0.17,unknown
2026-07-17 09:11:04,Unknown,0.13,unknown
2026-07-17 09:11:04,Unknown,0.14,unknown
2026-07-17 09:11:05,s02,0.56,known
2026-07-17 09:11:05,s02,0.59,known
2026-07-17 09:11:05,s02,0.60,known
2026-07-17 09:11:05,s02,0.59,known
2026-07-17 09:11:05,s02,0.57,known
2026-07-17 09:11:06,s02,0.56,known
2026-07-17 09:11:06,Unknown,0.17,unknown
2026-07-17 09:11:06,s02,0.55,known
2026-07-17 09:11:06,Unknown,0.13,unknown
2026-07-17 09:11:07,s02,0.55,known
2026-07-17 09:11:07,Unknown,0.16,unknown
2026-07-17 09:11:07,Unknown,0.15,unknown
2026-07-17 09:11:07,Unknown,0.18,unknown
2026-07-17 09:11:08,Unknown,0.16,unknown
2026-07-17 09:11:08,Unknown,0.17,unknown
2026-07-17 09:11:08,Unknown,0.15,unknown
2026-07-17 09:11:08,Unknown,0.22,unknown
2026-07-17 09:11:08,Unknown,0.18,unknown
2026-07-17 09:11:09,Unknown,0.15,unknown
2026-07-17 09:11:09,Unknown,0.16,unknown
2026-07-17 09:11:09,Unknown,0.16,unknown
2026-07-17 09:11:09,Unknown,0.15,unknown
2026-07-17 09:11:09,Unknown,0.20,unknown
2026-07-17 09:11:09,Unknown,0.14,unknown
2026-07-17 09:11:10,Unknown,0.14,unknown
2026-07-17 09:11:10,Unknown,0.15,unknown
2026-07-17 09:11:10,Unknown,0.14,unknown
2026-07-17 09:11:10,Unknown,0.15,unknown
2026-07-17 09:11:10,Unknown,0.13,unknown
2026-07-17 09:11:10,Unknown,0.16,unknown
2026-07-17 09:11:10,Unknown,0.16,unknown
2026-07-17 09:11:10,Unknown,0.17,unknown
2026-07-17 09:11:11,Unknown,0.15,unknown
2026-07-17 09:11:11,Unknown,0.18,unknown
2026-07-17 09:11:11,Unknown,0.14,unknown
2026-07-17 09:11:11,Unknown,0.12,unknown
2026-07-17 09:11:12,Unknown,0.13,unknown
2026-07-17 09:11:12,Unknown,0.26,unknown
2026-07-17 09:11:12,Unknown,0.24,unknown
2026-07-17 09:11:12,Unknown,0.25,unknown
2026-07-17 09:11:12,Unknown,0.15,unknown
2026-07-17 09:11:12,Unknown,0.29,unknown
2026-07-17 09:11:12,Unknown,0.22,unknown
2026-07-17 09:11:13,Unknown,0.14,unknown
2026-07-17 09:11:13,Unknown,0.15,unknown
2026-07-17 09:11:13,Unknown,0.43,unknown
2026-07-17 09:11:13,Unknown,0.25,unknown
2026-07-17 09:11:14,Unknown,0.40,unknown
2026-07-17 09:11:14,Unknown,0.44,unknown
2026-07-17 09:11:14,Unknown,0.50,unknown
2026-07-17 09:11:14,Unknown,0.15,unknown
2026-07-17 09:11:14,s02,0.53,known
2026-07-17 09:11:14,Unknown,0.20,unknown
2026-07-17 09:11:15,Unknown,0.14,unknown
2026-07-17 09:11:15,Unknown,0.16,unknown
2026-07-17 09:11:15,Unknown,0.43,unknown
2026-07-17 09:11:15,Unknown,0.24,unknown
2026-07-17 09:11:15,Unknown,0.18,unknown
2026-07-17 09:11:16,Unknown,0.16,unknown
2026-07-17 09:11:16,Unknown,0.12,unknown
2026-07-17 09:11:17,Unknown,0.17,unknown
2026-07-17 09:11:18,Unknown,0.14,unknown
2026-07-17 09:11:18,Unknown,0.17,unknown
2026-07-17 09:11:19,Unknown,0.17,unknown
2026-07-17 09:11:19,Unknown,0.14,unknown
2026-07-17 09:11:21,Unknown,0.16,unknown
2026-07-17 09:11:22,Unknown,0.15,unknown
2026-07-17 09:11:22,Unknown,0.17,unknown
2026-07-17 09:11:23,Unknown,0.19,unknown
2026-07-17 09:11:23,Unknown,0.16,unknown
2026-07-17 09:11:24,Unknown,0.20,unknown
2026-07-17 09:11:24,Unknown,0.17,unknown
2026-07-17 09:11:24,Unknown,0.17,unknown
2026-07-17 09:11:25,Unknown,0.18,unknown
2026-07-17 09:11:25,Unknown,0.17,unknown
2026-07-17 09:11:25,Unknown,0.15,unknown
2026-07-17 09:11:25,Unknown,0.15,unknown
2026-07-17 09:11:25,Unknown,0.17,unknown
2026-07-17 09:11:26,Unknown,0.20,unknown
2026-07-17 09:11:26,Unknown,0.18,unknown
2026-07-17 09:11:31,Unknown,0.15,unknown
2026-07-17 09:11:33,Unknown,0.17,unknown
2026-07-17 09:11:33,Unknown,0.17,unknown
2026-07-17 09:11:33,Unknown,0.24,unknown
2026-07-17 09:11:33,Unknown,0.16,unknown
2026-07-17 09:11:33,Unknown,0.20,unknown
2026-07-17 09:11:33,Unknown,0.18,unknown
2026-07-17 09:11:34,Unknown,0.14,unknown
2026-07-17 09:11:34,Unknown,0.30,unknown
2026-07-17 09:11:34,Unknown,0.38,unknown
2026-07-17 09:11:34,Unknown,0.47,unknown
2026-07-17 09:11:35,s02,0.52,known
2026-07-17 09:11:35,Unknown,0.14,unknown
2026-07-17 09:11:35,Unknown,0.16,unknown
2026-07-17 09:11:35,s02,0.52,known
2026-07-17 09:11:35,Unknown,0.15,unknown
2026-07-17 09:11:35,s02,0.54,known
2026-07-17 09:11:36,Unknown,0.19,unknown
2026-07-17 09:11:36,s02,0.57,known
2026-07-17 09:11:36,Unknown,0.18,unknown
2026-07-17 09:11:36,s02,0.55,known
2026-07-17 09:11:36,Unknown,0.16,unknown
2026-07-17 09:11:37,Unknown,0.48,unknown
2026-07-17 09:11:37,Unknown,0.47,unknown
2026-07-17 09:11:37,Unknown,0.15,unknown
2026-07-17 09:11:37,Unknown,0.19,unknown
2026-07-17 09:11:37,Unknown,0.23,unknown
2026-07-17 09:12:09,Unknown,0.19,unknown
2026-07-17 09:12:09,Unknown,0.17,unknown
2026-07-17 09:12:09,Unknown,0.25,unknown
2026-07-17 09:12:09,Unknown,0.16,unknown
2026-07-17 09:12:10,Unknown,0.16,unknown
2026-07-17 09:12:10,Unknown,0.22,unknown
2026-07-17 09:12:10,Unknown,0.17,unknown
2026-07-17 09:12:11,Unknown,0.16,unknown
2026-07-17 09:12:11,Unknown,0.24,unknown
2026-07-17 09:12:11,Unknown,0.15,unknown
2026-07-17 09:12:12,Unknown,0.18,unknown
2026-07-17 09:12:12,Unknown,0.18,unknown
2026-07-17 09:12:13,Unknown,0.17,unknown
2026-07-17 09:12:13,Unknown,0.15,unknown
2026-07-17 09:12:13,Unknown,0.17,unknown
2026-07-17 09:12:13,Unknown,0.16,unknown
2026-07-17 09:12:13,Unknown,0.14,unknown
2026-07-17 09:12:13,Unknown,0.16,unknown
2026-07-17 09:12:14,Unknown,0.16,unknown
2026-07-17 09:12:14,Unknown,0.15,unknown
2026-07-17 09:12:14,Unknown,0.16,unknown
2026-07-17 09:12:15,Unknown,0.21,unknown
2026-07-17 09:12:15,Unknown,0.17,unknown
2026-07-17 09:12:15,Unknown,0.15,unknown
2026-07-17 09:12:16,Unknown,0.16,unknown
2026-07-17 09:12:16,Unknown,0.15,unknown
2026-07-17 09:12:16,Unknown,0.15,unknown
2026-07-17 09:12:16,Unknown,0.16,unknown
2026-07-17 09:12:16,Unknown,0.17,unknown
2026-07-17 09:12:18,Unknown,0.15,unknown
2026-07-17 09:12:19,Unknown,0.14,unknown
2026-07-17 09:12:19,Unknown,0.18,unknown
2026-07-17 09:12:19,Unknown,0.19,unknown
2026-07-17 09:12:20,Unknown,0.16,unknown
2026-07-17 09:12:20,Unknown,0.18,unknown
2026-07-17 09:12:20,Unknown,0.21,unknown
2026-07-17 09:12:20,Unknown,0.17,unknown
2026-07-17 09:12:20,Unknown,0.15,unknown
2026-07-17 09:12:21,Unknown,0.16,unknown
2026-07-17 09:12:21,Unknown,0.18,unknown
2026-07-17 09:12:22,Unknown,0.16,unknown
2026-07-17 09:12:23,Unknown,0.16,unknown
2026-07-17 09:12:23,Unknown,0.24,unknown
2026-07-17 09:12:23,Unknown,0.19,unknown
2026-07-17 09:12:23,Unknown,0.23,unknown
2026-07-17 09:12:23,Unknown,0.21,unknown
2026-07-17 09:12:24,Unknown,0.21,unknown
2026-07-17 09:12:24,Unknown,0.18,unknown
2026-07-17 09:12:24,Unknown,0.18,unknown
2026-07-17 09:12:24,Unknown,0.23,unknown
2026-07-17 09:12:24,Unknown,0.19,unknown
2026-07-17 09:12:24,Unknown,0.12,unknown
2026-07-17 09:12:25,Unknown,0.16,unknown
2026-07-17 09:13:16,Unknown,0.19,unknown
2026-07-17 09:16:34,Unknown,0.22,unknown
2026-07-17 09:16:34,Unknown,0.15,unknown
2026-07-17 09:16:34,Unknown,0.18,unknown
2026-07-17 09:16:34,Unknown,0.15,unknown
2026-07-17 09:16:34,Unknown,0.14,unknown
2026-07-17 09:16:35,Unknown,0.14,unknown
2026-07-17 09:16:35,Unknown,0.14,unknown
2026-07-17 09:16:35,Unknown,0.23,unknown
2026-07-17 09:16:35,Unknown,0.21,unknown
2026-07-17 09:16:35,Unknown,0.16,unknown
2026-07-17 09:16:36,Unknown,0.16,unknown
2026-07-17 09:16:36,Unknown,0.19,unknown
2026-07-17 09:16:36,Unknown,0.19,unknown
2026-07-17 09:16:37,Unknown,0.24,unknown
2026-07-17 09:16:37,Unknown,0.21,unknown
2026-07-17 09:16:38,Unknown,0.23,unknown
2026-07-17 09:16:39,Unknown,0.16,unknown
2026-07-17 09:16:39,Unknown,0.14,unknown
2026-07-17 09:16:40,Unknown,0.20,unknown
2026-07-17 09:16:40,Unknown,0.15,unknown
2026-07-17 09:16:40,Unknown,0.16,unknown
2026-07-17 09:16:40,Unknown,0.17,unknown
2026-07-17 09:16:40,Unknown,0.28,unknown
2026-07-17 09:16:40,Unknown,0.25,unknown
2026-07-17 09:16:40,Unknown,0.16,unknown
2026-07-17 09:16:41,Unknown,0.14,unknown
2026-07-17 09:16:41,Unknown,0.29,unknown
2026-07-17 09:16:41,s07,0.52,known
2026-07-17 09:16:41,s07,0.60,known
2026-07-17 09:16:41,Unknown,0.21,unknown
2026-07-17 09:16:41,s07,0.57,known
2026-07-17 09:16:42,s07,0.60,known
2026-07-17 09:16:42,s07,0.61,known
2026-07-17 09:16:42,Unknown,0.20,unknown
2026-07-17 09:16:42,s07,0.60,known
2026-07-17 09:16:42,s07,0.58,known
2026-07-17 09:16:43,s07,0.59,known
2026-07-17 09:16:43,Unknown,0.15,unknown
2026-07-17 09:16:43,s07,0.59,known
2026-07-17 09:16:43,s07,0.58,known
2026-07-17 09:16:43,Unknown,0.20,unknown
2026-07-17 09:16:44,Unknown,0.32,unknown
2026-07-17 09:16:44,s07,0.58,known
2026-07-17 09:16:44,s07,0.59,known
2026-07-17 09:16:44,s07,0.58,known
2026-07-17 09:16:44,Unknown,0.18,unknown
2026-07-17 09:16:45,Unknown,0.32,unknown
2026-07-17 09:16:45,s07,0.58,known
2026-07-17 09:16:45,Unknown,0.17,unknown
2026-07-17 09:16:45,s07,0.59,known
2026-07-17 09:16:45,Unknown,0.16,unknown
2026-07-17 09:16:45,Unknown,0.31,unknown
2026-07-17 09:16:46,Unknown,0.16,unknown
2026-07-17 09:16:46,s07,0.61,known
2026-07-17 09:16:46,s07,0.60,known
2026-07-17 09:16:46,s07,0.60,known
2026-07-17 09:16:47,s07,0.60,known
2026-07-17 09:16:47,s07,0.61,known
2026-07-17 09:16:47,s07,0.59,known
2026-07-17 09:16:47,s07,0.58,known
2026-07-17 09:16:47,s07,0.58,known
2026-07-17 09:16:48,Unknown,0.46,unknown
2026-07-17 09:16:48,Unknown,0.23,unknown
2026-07-17 09:16:49,Unknown,0.17,unknown
2026-07-17 09:16:49,Unknown,0.22,unknown
2026-07-17 09:16:49,Unknown,0.47,unknown
2026-07-17 09:16:49,Unknown,0.16,unknown
2026-07-17 09:16:49,s07,0.53,known
2026-07-17 09:16:50,s07,0.58,known
2026-07-17 09:16:50,Unknown,0.20,unknown
2026-07-17 09:16:50,s07,0.59,known
2026-07-17 09:16:50,s07,0.57,known
2026-07-17 09:16:50,s07,0.58,known
2026-07-17 09:16:50,s07,0.59,known
2026-07-17 09:16:51,s07,0.59,known
2026-07-17 09:16:51,s07,0.55,known
2026-07-17 09:16:51,Unknown,0.17,unknown
2026-07-17 09:16:51,s07,0.59,known
2026-07-17 09:16:51,Unknown,0.15,unknown
2026-07-17 09:16:51,s07,0.57,known
2026-07-17 09:16:52,s07,0.59,known
2026-07-17 09:16:52,Unknown,0.19,unknown
2026-07-17 09:16:52,s07,0.57,known
2026-07-17 09:16:52,s07,0.58,known
2026-07-17 09:16:52,Unknown,0.20,unknown
2026-07-17 09:16:52,s07,0.57,known
2026-07-17 09:16:53,Unknown,0.23,unknown
2026-07-17 09:16:53,s07,0.59,known
2026-07-17 09:16:53,s07,0.60,known
2026-07-17 09:16:53,s07,0.58,known
2026-07-17 09:16:53,Unknown,0.15,unknown
2026-07-17 09:16:53,Unknown,0.36,unknown
2026-07-17 09:16:54,s07,0.58,known
2026-07-17 09:16:54,Unknown,0.17,unknown
2026-07-17 09:16:54,Unknown,0.17,unknown
2026-07-17 09:16:54,s07,0.55,known
2026-07-17 09:16:54,Unknown,0.18,unknown
2026-07-17 09:16:54,Unknown,0.16,unknown
2026-07-17 09:16:55,s07,0.58,known
2026-07-17 09:16:55,Unknown,0.16,unknown
2026-07-17 09:16:55,s07,0.58,known
2026-07-17 09:16:55,Unknown,0.16,unknown
2026-07-17 09:16:55,Unknown,0.39,unknown
2026-07-17 09:16:56,Unknown,0.20,unknown
2026-07-17 09:16:56,Unknown,0.35,unknown
2026-07-17 09:16:56,Unknown,0.15,unknown
2026-07-17 09:16:56,Unknown,0.37,unknown
2026-07-17 09:16:56,Unknown,0.14,unknown
2026-07-17 09:16:56,Unknown,0.35,unknown
2026-07-17 09:16:57,Unknown,0.21,unknown
2026-07-17 09:16:57,Unknown,0.15,unknown
2026-07-17 09:16:57,Unknown,0.17,unknown
2026-07-17 09:16:57,Unknown,0.39,unknown
2026-07-17 09:16:58,Unknown,0.15,unknown
2026-07-17 09:16:58,Unknown,0.19,unknown
2026-07-17 09:16:58,Unknown,0.20,unknown
2026-07-17 09:16:58,s07,0.54,known
2026-07-17 09:16:58,Unknown,0.17,unknown
2026-07-17 09:16:59,Unknown,0.20,unknown
2026-07-17 09:16:59,Unknown,0.38,unknown
2026-07-17 09:16:59,Unknown,0.21,unknown
2026-07-17 09:17:00,Unknown,0.14,unknown
2026-07-17 09:17:00,s07,0.52,known
2026-07-17 09:17:00,s07,0.60,known
2026-07-17 09:17:00,s07,0.60,known
2026-07-17 09:17:00,s07,0.60,known
2026-07-17 09:17:00,s07,0.59,known
2026-07-17 09:17:01,Unknown,0.19,unknown
2026-07-17 09:17:01,s07,0.59,known
2026-07-17 09:17:01,s07,0.59,known
2026-07-17 09:17:01,s07,0.60,known
2026-07-17 09:17:01,s07,0.60,known
2026-07-17 09:17:02,s07,0.61,known
2026-07-17 09:17:02,s07,0.61,known
2026-07-17 09:17:02,s07,0.61,known
2026-07-17 09:17:02,Unknown,0.17,unknown
2026-07-17 09:17:02,Unknown,0.19,unknown
2026-07-17 09:17:03,Unknown,0.14,unknown
2026-07-17 09:20:35,Unknown,0.18,unknown
2026-07-17 09:20:36,s06,0.53,known
2026-07-17 09:20:36,s06,0.59,known
2026-07-17 09:20:36,s06,0.65,known
2026-07-17 09:20:36,s06,0.65,known
2026-07-17 09:20:36,s06,0.65,known
2026-07-17 09:20:37,s06,0.62,known
2026-07-17 09:20:37,Unknown,0.15,unknown
2026-07-17 09:20:37,Unknown,0.43,unknown
2026-07-17 09:20:37,s06,0.63,known
2026-07-17 09:20:37,s06,0.65,known
2026-07-17 09:20:38,s06,0.66,known
2026-07-17 09:20:38,s06,0.67,known
2026-07-17 09:20:38,s06,0.63,known
2026-07-17 09:20:38,s06,0.64,known
2026-07-17 09:20:39,s06,0.63,known
2026-07-17 09:20:39,Unknown,0.16,unknown
2026-07-17 09:20:39,s06,0.63,known
2026-07-17 09:20:39,Unknown,0.16,unknown
2026-07-17 09:20:39,s06,0.64,known
2026-07-17 09:20:39,s06,0.63,known
2026-07-17 09:20:40,s06,0.61,known
2026-07-17 09:20:40,Unknown,0.16,unknown
2026-07-17 09:20:40,s06,0.63,known
2026-07-17 09:20:40,Unknown,0.30,unknown
2026-07-17 09:20:40,Unknown,0.20,unknown
2026-07-17 09:20:40,Unknown,0.18,unknown
2026-07-17 09:20:41,Unknown,0.18,unknown
2026-07-17 09:20:41,Unknown,0.17,unknown
2026-07-17 09:20:41,Unknown,0.20,unknown
2026-07-17 09:20:41,Unknown,0.15,unknown
2026-07-17 09:20:42,Unknown,0.15,unknown
2026-07-17 09:20:44,Unknown,0.15,unknown
2026-07-17 09:20:44,Unknown,0.17,unknown
2026-07-17 09:20:45,Unknown,0.15,unknown
2026-07-17 09:20:45,Unknown,0.17,unknown
2026-07-17 09:20:45,Unknown,0.17,unknown
2026-07-17 09:20:46,Unknown,0.15,unknown
2026-07-17 09:20:46,Unknown,0.17,unknown
2026-07-17 09:20:46,Unknown,0.17,unknown
2026-07-17 09:20:47,Unknown,0.18,unknown
2026-07-17 09:20:47,Unknown,0.18,unknown
2026-07-17 09:20:47,Unknown,0.14,unknown
2026-07-17 09:20:48,Unknown,0.17,unknown
2026-07-17 09:20:48,Unknown,0.18,unknown
2026-07-17 09:20:48,Unknown,0.15,unknown
2026-07-17 09:20:48,Unknown,0.15,unknown
2026-07-17 09:20:49,Unknown,0.21,unknown
2026-07-17 09:20:49,Unknown,0.13,unknown
2026-07-17 09:20:50,Unknown,0.18,unknown
2026-07-17 09:20:51,Unknown,0.15,unknown
2026-07-17 09:20:51,Unknown,0.16,unknown
2026-07-17 09:20:52,Unknown,0.17,unknown
2026-07-17 09:20:52,Unknown,0.16,unknown
2026-07-17 09:20:53,Unknown,0.15,unknown
2026-07-17 09:20:53,Unknown,0.15,unknown
2026-07-17 09:20:53,Unknown,0.19,unknown
2026-07-17 09:20:53,Unknown,0.17,unknown
2026-07-17 09:20:54,Unknown,0.17,unknown
2026-07-17 09:20:54,Unknown,0.16,unknown
2026-07-17 09:20:54,Unknown,0.17,unknown
2026-07-17 09:20:54,Unknown,0.15,unknown
2026-07-17 09:20:55,Unknown,0.16,unknown
2026-07-17 09:20:55,Unknown,0.14,unknown
2026-07-17 09:20:55,Unknown,0.17,unknown
2026-07-17 09:20:56,Unknown,0.15,unknown
2026-07-17 09:20:56,Unknown,0.18,unknown
2026-07-17 09:20:57,Unknown,0.17,unknown
2026-07-17 09:20:57,Unknown,0.15,unknown
2026-07-17 09:20:57,Unknown,0.13,unknown
2026-07-17 09:20:58,Unknown,0.14,unknown
2026-07-17 09:20:58,Unknown,0.14,unknown
2026-07-17 09:20:59,Unknown,0.14,unknown
2026-07-17 09:20:59,Unknown,0.16,unknown
2026-07-17 09:20:59,Unknown,0.16,unknown
2026-07-17 09:20:59,Unknown,0.15,unknown
2026-07-17 09:21:00,Unknown,0.25,unknown
2026-07-17 09:21:00,Unknown,0.17,unknown
2026-07-17 09:21:00,Unknown,0.21,unknown
2026-07-17 09:21:01,Unknown,0.21,unknown
2026-07-17 09:21:01,Unknown,0.12,unknown
2026-07-17 09:21:02,Unknown,0.16,unknown
2026-07-17 09:21:03,Unknown,0.15,unknown
2026-07-17 09:21:03,Unknown,0.20,unknown
2026-07-17 09:21:04,Unknown,0.18,unknown
2026-07-17 09:21:04,Unknown,0.21,unknown
2026-07-17 09:21:04,Unknown,0.16,unknown
2026-07-17 09:21:04,Unknown,0.26,unknown
2026-07-17 09:21:05,Unknown,0.21,unknown
2026-07-17 09:21:05,Unknown,0.17,unknown
2026-07-17 09:21:05,Unknown,0.22,unknown
2026-07-17 09:21:05,Unknown,0.23,unknown
2026-07-17 09:21:05,Unknown,0.20,unknown
2026-07-17 09:21:06,Unknown,0.22,unknown
2026-07-17 09:21:06,Unknown,0.21,unknown
2026-07-17 09:21:06,Unknown,0.21,unknown
2026-07-17 09:21:06,Unknown,0.21,unknown
2026-07-17 09:21:07,Unknown,0.23,unknown
2026-07-17 09:21:07,Unknown,0.24,unknown
2026-07-17 09:21:07,Unknown,0.20,unknown
2026-07-17 09:21:07,Unknown,0.20,unknown
2026-07-17 09:21:07,Unknown,0.18,unknown
2026-07-17 09:21:08,Unknown,0.20,unknown
2026-07-17 09:21:08,Unknown,0.22,unknown
2026-07-17 09:21:08,Unknown,0.22,unknown
2026-07-17 09:21:08,Unknown,0.22,unknown
2026-07-17 09:21:08,Unknown,0.23,unknown
2026-07-17 09:21:09,Unknown,0.17,unknown
2026-07-17 09:21:09,Unknown,0.22,unknown
2026-07-17 09:21:09,Unknown,0.24,unknown
2026-07-17 09:21:09,Unknown,0.20,unknown
2026-07-17 09:21:09,Unknown,0.21,unknown
2026-07-17 09:21:10,Unknown,0.18,unknown
2026-07-17 09:21:10,Unknown,0.23,unknown
2026-07-17 09:21:49,Unknown,0.24,unknown
2026-07-17 09:21:50,Unknown,0.21,unknown
2026-07-17 09:21:50,Unknown,0.14,unknown
2026-07-17 09:21:50,Unknown,0.17,unknown
2026-07-17 09:21:50,Unknown,0.15,unknown
2026-07-17 09:21:50,Unknown,0.17,unknown
2026-07-17 09:21:51,Unknown,0.19,unknown
2026-07-17 13:25:19,Unknown,0.15,unknown
2026-07-17 13:25:19,Unknown,0.16,unknown
2026-07-17 13:25:20,Unknown,0.17,unknown
2026-07-17 13:25:20,Unknown,0.13,unknown
2026-07-17 13:25:20,Unknown,0.15,unknown
2026-07-17 13:25:20,Unknown,0.12,unknown
2026-07-17 13:25:21,Unknown,0.24,unknown
2026-07-17 13:25:21,Unknown,0.15,unknown
2026-07-17 13:25:21,Unknown,0.13,unknown
2026-07-17 13:25:21,Unknown,0.23,unknown
2026-07-17 13:27:15,Unknown,0.20,unknown
2026-07-17 13:27:18,Unknown,0.20,unknown
2026-07-17 13:27:19,Unknown,0.18,unknown
2026-07-17 13:27:22,Unknown,0.20,unknown
2026-07-17 13:27:23,Unknown,0.17,unknown
2026-07-17 13:27:23,Unknown,0.22,unknown
2026-07-17 13:27:23,Unknown,0.17,unknown
2026-07-17 13:27:24,Unknown,0.20,unknown
2026-07-17 13:27:24,Unknown,0.20,unknown
2026-07-17 13:27:24,Unknown,0.17,unknown
2026-07-17 13:27:24,Unknown,0.22,unknown
2026-07-17 13:27:24,Unknown,0.17,unknown
2026-07-17 13:27:25,Unknown,0.22,unknown
2026-07-17 13:27:25,Unknown,0.18,unknown
2026-07-17 13:27:25,Unknown,0.22,unknown
2026-07-17 13:27:25,Unknown,0.17,unknown
2026-07-17 13:27:26,Unknown,0.24,unknown
2026-07-17 13:27:26,Unknown,0.16,unknown
2026-07-17 13:27:26,Unknown,0.25,unknown
2026-07-17 13:27:26,Unknown,0.21,unknown
2026-07-17 13:27:27,Unknown,0.19,unknown
2026-07-17 13:27:27,Unknown,0.21,unknown
2026-07-17 13:27:27,Unknown,0.19,unknown
2026-07-17 13:27:27,Unknown,0.20,unknown
2026-07-17 13:27:28,Unknown,0.18,unknown
2026-07-17 13:27:28,Unknown,0.21,unknown
2026-07-17 13:27:28,Unknown,0.19,unknown
2026-07-17 13:27:28,Unknown,0.22,unknown
2026-07-17 13:27:29,Unknown,0.19,unknown
2026-07-17 13:27:29,Unknown,0.21,unknown
2026-07-17 13:27:29,Unknown,0.19,unknown
2026-07-17 13:27:29,Unknown,0.23,unknown
2026-07-17 13:27:30,Unknown,0.24,unknown
2026-07-17 13:27:30,Unknown,0.22,unknown
2026-07-17 13:27:30,Unknown,0.22,unknown
2026-07-17 13:27:31,Unknown,0.22,unknown
2026-07-17 13:27:31,Unknown,0.21,unknown
2026-07-17 13:27:31,Unknown,0.21,unknown
2026-07-17 13:27:32,Unknown,0.20,unknown
2026-07-17 13:27:32,Unknown,0.19,unknown
2026-07-17 13:27:32,Unknown,0.18,unknown
2026-07-17 13:27:32,Unknown,0.19,unknown
2026-07-17 13:27:33,Unknown,0.20,unknown
2026-07-17 13:27:33,Unknown,0.20,unknown
2026-07-17 13:27:33,Unknown,0.19,unknown
2026-07-17 13:27:34,Unknown,0.18,unknown
2026-07-17 13:27:34,Unknown,0.22,unknown
2026-07-17 13:27:34,Unknown,0.18,unknown
2026-07-17 13:27:34,Unknown,0.18,unknown
2026-07-17 13:27:35,Unknown,0.21,unknown
2026-07-17 13:27:35,Unknown,0.21,unknown
2026-07-17 13:27:35,Unknown,0.21,unknown
2026-07-17 13:27:36,Unknown,0.20,unknown
2026-07-17 13:27:36,Unknown,0.26,unknown
2026-07-17 13:27:36,Unknown,0.27,unknown
2026-07-17 13:27:37,Unknown,0.26,unknown
2026-07-17 13:27:37,Unknown,0.19,unknown
2026-07-17 13:27:37,Unknown,0.22,unknown
2026-07-17 13:27:38,Unknown,0.24,unknown
2026-07-17 13:27:38,Unknown,0.21,unknown
2026-07-17 13:27:38,Unknown,0.20,unknown
2026-07-17 13:27:39,Unknown,0.19,unknown
2026-07-17 13:27:39,Unknown,0.20,unknown
2026-07-17 13:27:39,Unknown,0.19,unknown
2026-07-17 13:27:40,Unknown,0.19,unknown
2026-07-17 13:27:40,Unknown,0.22,unknown
2026-07-17 13:27:40,Unknown,0.25,unknown
2026-07-17 13:27:40,Unknown,0.21,unknown
2026-07-17 13:27:41,Unknown,0.23,unknown
2026-07-17 13:27:41,Unknown,0.15,unknown
2026-07-17 13:27:42,Unknown,0.22,unknown
2026-07-17 13:27:42,Unknown,0.19,unknown
2026-07-17 13:27:43,Unknown,0.18,unknown
2026-07-17 13:27:43,Unknown,0.22,unknown
2026-07-17 13:27:43,Unknown,0.21,unknown
2026-07-17 13:27:44,Unknown,0.22,unknown
2026-07-17 13:27:44,Unknown,0.21,unknown
2026-07-17 13:27:45,Unknown,0.20,unknown
2026-07-17 13:27:45,Unknown,0.16,unknown
2026-07-17 13:27:45,Unknown,0.21,unknown
2026-07-17 13:27:46,Unknown,0.20,unknown
2026-07-17 13:27:46,Unknown,0.20,unknown
2026-07-17 13:27:46,Unknown,0.18,unknown
2026-07-17 13:27:47,Unknown,0.19,unknown
2026-07-17 13:27:47,Unknown,0.19,unknown
2026-07-17 13:27:48,Unknown,0.17,unknown
2026-07-17 13:27:48,Unknown,0.18,unknown
2026-07-17 13:27:48,Unknown,0.18,unknown
2026-07-17 13:27:49,Unknown,0.18,unknown
2026-07-17 13:27:49,Unknown,0.20,unknown
2026-07-17 13:27:49,Unknown,0.19,unknown
2026-07-17 13:27:50,Unknown,0.18,unknown
2026-07-17 13:27:50,Unknown,0.22,unknown
2026-07-17 13:27:50,Unknown,0.23,unknown
2026-07-17 13:27:50,Unknown,0.22,unknown
2026-07-17 13:27:51,Unknown,0.21,unknown
2026-07-17 13:27:51,Unknown,0.21,unknown
2026-07-17 13:27:51,Unknown,0.21,unknown
2026-07-17 13:27:52,Unknown,0.22,unknown
2026-07-17 13:27:52,Unknown,0.21,unknown
2026-07-17 13:27:53,Unknown,0.23,unknown
2026-07-17 13:27:53,Unknown,0.21,unknown
2026-07-17 13:29:53,Unknown,0.23,unknown
2026-07-17 13:29:53,Unknown,0.23,unknown
2026-07-17 13:29:54,Unknown,0.21,unknown
2026-07-17 13:29:54,Unknown,0.21,unknown
2026-07-17 13:29:54,Unknown,0.22,unknown
2026-07-17 13:29:55,Unknown,0.21,unknown
2026-07-17 13:29:55,Unknown,0.19,unknown
2026-07-17 13:29:55,Unknown,0.19,unknown
2026-07-17 13:29:56,Unknown,0.16,unknown
2026-07-17 13:29:56,Unknown,0.19,unknown
2026-07-17 13:29:56,Unknown,0.19,unknown
2026-07-17 13:29:56,Unknown,0.19,unknown
2026-07-17 13:29:57,Unknown,0.19,unknown
2026-07-17 13:29:57,Unknown,0.19,unknown
2026-07-17 13:29:58,Unknown,0.20,unknown
2026-07-17 13:29:58,Unknown,0.21,unknown
2026-07-17 13:29:59,Unknown,0.21,unknown
2026-07-17 13:29:59,Unknown,0.19,unknown
2026-07-17 13:30:00,Unknown,0.18,unknown
2026-07-17 13:30:00,Unknown,0.18,unknown
2026-07-17 13:30:01,Unknown,0.19,unknown
2026-07-17 13:30:01,Unknown,0.20,unknown
2026-07-17 13:30:01,Unknown,0.18,unknown
2026-07-17 13:30:02,Unknown,0.20,unknown
2026-07-17 13:30:02,Unknown,0.20,unknown
2026-07-17 13:30:03,Unknown,0.19,unknown
2026-07-17 13:30:03,Unknown,0.18,unknown
2026-07-17 13:30:03,Unknown,0.18,unknown
2026-07-17 13:30:04,Unknown,0.18,unknown
2026-07-17 13:30:04,Unknown,0.20,unknown
2026-07-17 13:30:05,Unknown,0.18,unknown
2026-07-17 13:30:05,Unknown,0.19,unknown
2026-07-17 13:30:06,Unknown,0.18,unknown
2026-07-17 13:30:06,Unknown,0.18,unknown
2026-07-17 13:30:07,Unknown,0.19,unknown
2026-07-17 13:30:07,Unknown,0.19,unknown
2026-07-17 13:30:08,Unknown,0.19,unknown
2026-07-17 13:30:08,Unknown,0.19,unknown
2026-07-17 13:30:09,Unknown,0.19,unknown
2026-07-17 13:30:09,Unknown,0.19,unknown
2026-07-17 13:30:09,Unknown,0.13,unknown
2026-07-17 13:30:10,Unknown,0.21,unknown
2026-07-17 13:30:10,Unknown,0.20,unknown
2026-07-17 13:30:11,Unknown,0.17,unknown
2026-07-17 13:30:11,Unknown,0.20,unknown
2026-07-17 13:30:11,Unknown,0.16,unknown
2026-07-17 13:30:12,Unknown,0.19,unknown
2026-07-17 13:30:12,Unknown,0.18,unknown
2026-07-17 13:30:12,Unknown,0.18,unknown
2026-07-17 13:30:13,Unknown,0.18,unknown
2026-07-17 13:30:13,Unknown,0.18,unknown
2026-07-17 13:30:14,Unknown,0.21,unknown
2026-07-17 13:30:14,Unknown,0.20,unknown
2026-07-17 13:30:14,Unknown,0.22,unknown
2026-07-17 13:30:15,Unknown,0.20,unknown
2026-07-17 13:30:15,Unknown,0.20,unknown
2026-07-17 13:30:16,Unknown,0.20,unknown
2026-07-17 13:30:16,Unknown,0.18,unknown
2026-07-17 13:30:16,Unknown,0.21,unknown
2026-07-17 13:30:17,Unknown,0.17,unknown
2026-07-17 13:30:17,Unknown,0.15,unknown
2026-07-17 13:30:17,Unknown,0.18,unknown
2026-07-17 13:30:18,Unknown,0.20,unknown
2026-07-17 13:30:18,Unknown,0.19,unknown
2026-07-17 13:30:19,Unknown,0.19,unknown
2026-07-17 13:30:19,Unknown,0.18,unknown
2026-07-17 13:30:20,Unknown,0.19,unknown
2026-07-17 13:30:20,Unknown,0.21,unknown
2026-07-17 13:30:20,Unknown,0.16,unknown
2026-07-17 13:30:21,Unknown,0.19,unknown
2026-07-17 13:30:21,Unknown,0.20,unknown
2026-07-17 13:30:21,Unknown,0.19,unknown
2026-07-17 13:30:22,Unknown,0.18,unknown
2026-07-17 13:30:22,Unknown,0.20,unknown
2026-07-17 13:30:23,Unknown,0.20,unknown
2026-07-17 13:30:24,Unknown,0.19,unknown
2026-07-17 13:30:24,Unknown,0.14,unknown
2026-07-17 13:30:25,Unknown,0.20,unknown
2026-07-17 13:30:25,Unknown,0.20,unknown
2026-07-17 13:30:25,Unknown,0.19,unknown
2026-07-17 13:30:26,Unknown,0.18,unknown
2026-07-17 13:30:26,Unknown,0.19,unknown
2026-07-17 13:30:27,Unknown,0.19,unknown
2026-07-17 13:30:27,Unknown,0.18,unknown
2026-07-17 13:30:28,Unknown,0.19,unknown
2026-07-17 13:30:28,Unknown,0.21,unknown
2026-07-17 13:30:29,Unknown,0.24,unknown
2026-07-17 13:30:29,Unknown,0.25,unknown
2026-07-17 13:30:29,Unknown,0.22,unknown
2026-07-17 13:30:30,Unknown,0.15,unknown
2026-07-17 13:30:30,Unknown,0.18,unknown
2026-07-17 13:30:30,Unknown,0.22,unknown
2026-07-17 13:30:30,Unknown,0.14,unknown
2026-07-17 13:30:31,Unknown,0.14,unknown
2026-07-17 13:30:31,Unknown,0.23,unknown
2026-07-17 13:30:31,Unknown,0.21,unknown
2026-07-17 13:30:32,Unknown,0.21,unknown
2026-07-17 13:30:32,Unknown,0.21,unknown
2026-07-17 13:30:32,Unknown,0.20,unknown
2026-07-17 13:30:33,Unknown,0.18,unknown
2026-07-17 13:30:33,Unknown,0.20,unknown
2026-07-17 13:30:33,Unknown,0.18,unknown
2026-07-17 13:30:33,Unknown,0.19,unknown
2026-07-17 13:30:34,Unknown,0.18,unknown
2026-07-17 13:30:34,Unknown,0.16,unknown
2026-07-17 13:30:34,Unknown,0.19,unknown
2026-07-17 13:30:35,Unknown,0.18,unknown
2026-07-17 13:30:35,Unknown,0.20,unknown
2026-07-17 13:30:35,Unknown,0.22,unknown
2026-07-17 13:30:36,Unknown,0.20,unknown
2026-07-17 13:30:36,Unknown,0.20,unknown
2026-07-17 13:30:36,Unknown,0.21,unknown
2026-07-17 13:30:37,Unknown,0.22,unknown
2026-07-17 13:30:37,Unknown,0.20,unknown
2026-07-17 13:30:37,Unknown,0.22,unknown
2026-07-17 13:30:38,Unknown,0.21,unknown
2026-07-17 13:30:38,Unknown,0.21,unknown
2026-07-17 13:30:38,Unknown,0.20,unknown
2026-07-17 13:30:39,Unknown,0.22,unknown
2026-07-17 13:30:39,Unknown,0.20,unknown
2026-07-17 13:30:39,Unknown,0.19,unknown
2026-07-17 13:30:40,Unknown,0.18,unknown
2026-07-17 13:30:40,Unknown,0.19,unknown
2026-07-17 13:30:41,Unknown,0.19,unknown
2026-07-17 13:30:41,Unknown,0.22,unknown
2026-07-17 13:30:41,Unknown,0.20,unknown
2026-07-17 13:30:42,Unknown,0.20,unknown
2026-07-17 13:30:42,Unknown,0.20,unknown
2026-07-17 13:30:42,Unknown,0.20,unknown
2026-07-17 13:30:42,Unknown,0.21,unknown
2026-07-17 13:30:43,Unknown,0.22,unknown
2026-07-17 13:30:43,Unknown,0.22,unknown
2026-07-17 13:30:43,Unknown,0.22,unknown
2026-07-17 13:30:44,Unknown,0.19,unknown
2026-07-17 13:30:44,Unknown,0.20,unknown
2026-07-17 13:30:44,Unknown,0.21,unknown
2026-07-17 13:30:45,Unknown,0.19,unknown
2026-07-17 13:30:45,Unknown,0.21,unknown
2026-07-17 13:30:45,Unknown,0.19,unknown
2026-07-17 13:30:46,Unknown,0.19,unknown
2026-07-17 13:30:46,Unknown,0.19,unknown
2026-07-17 13:30:46,Unknown,0.23,unknown
2026-07-17 13:30:46,Unknown,0.17,unknown
2026-07-17 13:30:47,Unknown,0.19,unknown
2026-07-17 13:30:47,Unknown,0.19,unknown
2026-07-17 13:30:47,Unknown,0.19,unknown
2026-07-17 13:30:48,Unknown,0.17,unknown
2026-07-17 13:30:48,Unknown,0.18,unknown
2026-07-17 13:30:48,Unknown,0.18,unknown
2026-07-17 13:30:49,Unknown,0.19,unknown
2026-07-17 13:30:50,Unknown,0.22,unknown
2026-07-17 13:30:50,Unknown,0.20,unknown
2026-07-17 13:30:50,Unknown,0.18,unknown
2026-07-17 13:30:51,Unknown,0.18,unknown
2026-07-17 13:30:51,Unknown,0.18,unknown
2026-07-17 13:30:51,Unknown,0.18,unknown
2026-07-17 13:30:51,Unknown,0.20,unknown
2026-07-17 13:30:52,Unknown,0.18,unknown
2026-07-17 13:30:52,Unknown,0.19,unknown
2026-07-17 13:30:52,Unknown,0.18,unknown
2026-07-17 13:30:53,Unknown,0.20,unknown
2026-07-17 13:30:53,Unknown,0.18,unknown
2026-07-17 13:30:53,Unknown,0.20,unknown
2026-07-17 13:30:53,Unknown,0.16,unknown
2026-07-17 13:30:54,Unknown,0.21,unknown
2026-07-17 13:30:54,Unknown,0.16,unknown
2026-07-17 13:30:54,Unknown,0.20,unknown
2026-07-17 13:30:54,Unknown,0.18,unknown
2026-07-17 13:30:55,Unknown,0.21,unknown
2026-07-17 13:30:55,Unknown,0.18,unknown
2026-07-17 13:30:55,Unknown,0.21,unknown
2026-07-17 13:30:55,Unknown,0.21,unknown
2026-07-17 13:30:56,Unknown,0.20,unknown
2026-07-17 13:30:56,Unknown,0.17,unknown
2026-07-17 13:30:56,Unknown,0.22,unknown
2026-07-17 13:30:56,Unknown,0.18,unknown
2026-07-17 13:30:57,Unknown,0.22,unknown
2026-07-17 13:30:57,Unknown,0.17,unknown
2026-07-17 13:30:57,Unknown,0.21,unknown
2026-07-17 13:30:57,Unknown,0.19,unknown
2026-07-17 13:30:58,Unknown,0.23,unknown
2026-07-17 13:30:58,Unknown,0.17,unknown
2026-07-17 13:30:58,Unknown,0.24,unknown
2026-07-17 13:30:58,Unknown,0.17,unknown
2026-07-17 13:30:59,Unknown,0.21,unknown
2026-07-17 13:30:59,Unknown,0.23,unknown
2026-07-17 13:30:59,Unknown,0.19,unknown
2026-07-17 13:30:59,Unknown,0.18,unknown
2026-07-17 13:31:00,Unknown,0.20,unknown
2026-07-17 13:31:00,Unknown,0.15,unknown
2026-07-17 13:31:00,Unknown,0.20,unknown
2026-07-17 13:31:00,Unknown,0.19,unknown
2026-07-17 13:31:01,Unknown,0.22,unknown
2026-07-17 13:31:01,Unknown,0.21,unknown
2026-07-17 13:31:01,Unknown,0.21,unknown
2026-07-17 13:31:02,Unknown,0.19,unknown
2026-07-17 13:31:02,Unknown,0.20,unknown
2026-07-17 13:31:02,Unknown,0.21,unknown
2026-07-17 13:31:02,Unknown,0.19,unknown
2026-07-17 13:31:03,Unknown,0.19,unknown
2026-07-17 13:31:03,Unknown,0.20,unknown
2026-07-17 13:31:03,Unknown,0.20,unknown
2026-07-17 13:31:04,Unknown,0.21,unknown
2026-07-17 13:31:04,Unknown,0.25,unknown
2026-07-17 13:31:04,Unknown,0.16,unknown
2026-07-17 13:31:04,Unknown,0.15,unknown
2026-07-17 13:31:04,Unknown,0.22,unknown
2026-07-17 13:31:05,Unknown,0.23,unknown
2026-07-17 13:31:05,Unknown,0.14,unknown
2026-07-17 13:31:05,Unknown,0.24,unknown
2026-07-17 13:31:05,Unknown,0.24,unknown
2026-07-17 13:31:06,Unknown,0.16,unknown
2026-07-17 13:31:06,Unknown,0.15,unknown
2026-07-17 13:31:06,Unknown,0.15,unknown
2026-07-17 13:31:06,Unknown,0.13,unknown
2026-07-17 13:31:07,Unknown,0.15,unknown
2026-07-17 13:31:07,Unknown,0.13,unknown
2026-07-17 13:31:08,Unknown,0.13,unknown
2026-07-17 13:31:08,Unknown,0.14,unknown
2026-07-17 13:31:08,Unknown,0.24,unknown
2026-07-17 13:31:09,Unknown,0.26,unknown
2026-07-17 13:31:09,Unknown,0.24,unknown
2026-07-17 13:31:09,Unknown,0.25,unknown
2026-07-17 13:31:10,Unknown,0.26,unknown
2026-07-17 13:31:10,Unknown,0.28,unknown
2026-07-17 13:31:10,Unknown,0.19,unknown
2026-07-17 13:31:10,Unknown,0.20,unknown
2026-07-17 13:31:11,Unknown,0.20,unknown
2026-07-17 13:31:11,Unknown,0.21,unknown
2026-07-17 13:31:11,Unknown,0.22,unknown
2026-07-17 13:31:11,Unknown,0.20,unknown
2026-07-17 13:31:12,Unknown,0.20,unknown
2026-07-17 13:31:12,Unknown,0.16,unknown
2026-07-17 13:31:12,Unknown,0.27,unknown
2026-07-17 13:31:12,Unknown,0.26,unknown
2026-07-17 13:31:13,Unknown,0.29,unknown
2026-07-17 13:31:13,Unknown,0.19,unknown
2026-07-17 13:31:13,Unknown,0.18,unknown
2026-07-17 13:31:14,Unknown,0.19,unknown
2026-07-17 13:31:14,Unknown,0.23,unknown
2026-07-17 13:31:14,Unknown,0.16,unknown
2026-07-17 13:31:14,Unknown,0.23,unknown
2026-07-17 13:31:15,Unknown,0.21,unknown
2026-07-17 13:31:15,Unknown,0.21,unknown
2026-07-17 13:31:15,Unknown,0.19,unknown
2026-07-17 13:31:16,Unknown,0.18,unknown
2026-07-17 13:31:16,Unknown,0.19,unknown
2026-07-17 13:31:16,Unknown,0.20,unknown
2026-07-17 13:31:16,Unknown,0.18,unknown
2026-07-17 13:31:17,Unknown,0.15,unknown
2026-07-17 13:31:17,Unknown,0.20,unknown
2026-07-17 13:31:17,Unknown,0.15,unknown
2026-07-17 13:31:17,Unknown,0.19,unknown
2026-07-17 13:31:18,Unknown,0.19,unknown
2026-07-17 13:31:18,Unknown,0.19,unknown
2026-07-17 13:31:18,Unknown,0.15,unknown
2026-07-17 13:31:18,Unknown,0.20,unknown
2026-07-17 13:31:19,Unknown,0.20,unknown
2026-07-17 13:31:19,Unknown,0.18,unknown
2026-07-17 13:31:19,Unknown,0.23,unknown
2026-07-17 13:31:20,Unknown,0.20,unknown
2026-07-17 13:31:20,Unknown,0.21,unknown
2026-07-17 13:31:20,Unknown,0.22,unknown
2026-07-17 13:31:21,Unknown,0.21,unknown
2026-07-17 13:31:21,Unknown,0.15,unknown
2026-07-17 13:31:21,Unknown,0.20,unknown
2026-07-17 13:31:21,Unknown,0.23,unknown
2026-07-17 13:31:22,Unknown,0.23,unknown
2026-07-17 13:31:22,Unknown,0.21,unknown
2026-07-17 13:31:22,Unknown,0.20,unknown
2026-07-17 13:31:23,Unknown,0.19,unknown
2026-07-17 13:31:23,Unknown,0.20,unknown
2026-07-17 13:31:24,Unknown,0.20,unknown
2026-07-17 13:31:24,Unknown,0.20,unknown
2026-07-17 13:31:25,Unknown,0.20,unknown
2026-07-17 13:31:25,Unknown,0.22,unknown
2026-07-17 13:31:25,Unknown,0.20,unknown
2026-07-17 13:31:26,Unknown,0.21,unknown
2026-07-17 13:31:26,Unknown,0.21,unknown
2026-07-17 13:31:27,Unknown,0.18,unknown
2026-07-17 13:31:27,Unknown,0.20,unknown
2026-07-17 13:31:27,Unknown,0.20,unknown
2026-07-17 13:31:28,Unknown,0.22,unknown
2026-07-17 13:31:28,Unknown,0.20,unknown
2026-07-17 13:31:28,Unknown,0.21,unknown
2026-07-17 13:31:29,Unknown,0.21,unknown
2026-07-17 13:31:29,Unknown,0.22,unknown
2026-07-17 13:31:30,Unknown,0.21,unknown
2026-07-17 13:31:30,Unknown,0.21,unknown
2026-07-17 13:31:30,Unknown,0.19,unknown
2026-07-17 13:31:31,Unknown,0.21,unknown
2026-07-17 13:31:31,Unknown,0.20,unknown
2026-07-17 13:31:32,Unknown,0.21,unknown
2026-07-17 13:31:32,Unknown,0.22,unknown
2026-07-17 13:31:33,Unknown,0.20,unknown
2026-07-17 13:31:33,Unknown,0.20,unknown
2026-07-17 13:31:33,Unknown,0.21,unknown
2026-07-17 13:31:33,Unknown,0.15,unknown
2026-07-17 13:31:34,Unknown,0.21,unknown
2026-07-17 13:31:34,Unknown,0.16,unknown
2026-07-17 13:31:34,Unknown,0.21,unknown
2026-07-17 13:31:35,Unknown,0.21,unknown
2026-07-17 13:31:35,Unknown,0.20,unknown
2026-07-17 13:31:35,Unknown,0.20,unknown
2026-07-17 13:31:36,Unknown,0.21,unknown
2026-07-17 13:31:36,Unknown,0.15,unknown
2026-07-17 13:31:36,Unknown,0.20,unknown
2026-07-17 13:31:37,Unknown,0.18,unknown
2026-07-17 13:31:37,Unknown,0.19,unknown
2026-07-17 13:31:38,Unknown,0.15,unknown
2026-07-17 13:31:38,Unknown,0.19,unknown
2026-07-17 13:31:38,Unknown,0.19,unknown
2026-07-17 13:31:39,Unknown,0.20,unknown
2026-07-17 13:31:39,Unknown,0.20,unknown
2026-07-17 13:31:40,Unknown,0.20,unknown
2026-07-17 13:31:40,Unknown,0.22,unknown
2026-07-17 13:31:40,Unknown,0.21,unknown
2026-07-17 13:31:41,Unknown,0.21,unknown
2026-07-17 13:31:41,Unknown,0.21,unknown
2026-07-17 13:31:41,Unknown,0.20,unknown
2026-07-17 13:31:42,Unknown,0.21,unknown
2026-07-17 13:31:42,Unknown,0.19,unknown
2026-07-17 13:31:43,Unknown,0.19,unknown
2026-07-17 13:31:43,Unknown,0.22,unknown
2026-07-17 13:31:43,Unknown,0.21,unknown
2026-07-17 13:31:44,Unknown,0.22,unknown
2026-07-17 13:31:44,Unknown,0.20,unknown
2026-07-17 13:31:44,Unknown,0.21,unknown
2026-07-17 13:31:45,Unknown,0.20,unknown
2026-07-17 13:31:45,Unknown,0.20,unknown
2026-07-17 13:31:45,Unknown,0.21,unknown
2026-07-17 13:31:46,Unknown,0.19,unknown
2026-07-17 13:31:46,Unknown,0.20,unknown
2026-07-17 13:31:46,Unknown,0.21,unknown
2026-07-17 13:31:47,Unknown,0.20,unknown
2026-07-17 13:31:47,Unknown,0.20,unknown
2026-07-17 13:31:47,Unknown,0.20,unknown
2026-07-17 13:31:48,Unknown,0.20,unknown
2026-07-17 13:31:48,Unknown,0.21,unknown
2026-07-17 13:31:48,Unknown,0.19,unknown
2026-07-17 13:31:49,Unknown,0.15,unknown
2026-07-17 13:31:49,Unknown,0.20,unknown
2026-07-17 13:31:49,Unknown,0.21,unknown
2026-07-17 13:31:50,Unknown,0.21,unknown
2026-07-17 13:31:50,Unknown,0.21,unknown
2026-07-17 13:31:50,Unknown,0.22,unknown
2026-07-17 13:31:51,Unknown,0.21,unknown
2026-07-17 13:31:51,Unknown,0.21,unknown
2026-07-17 13:31:52,Unknown,0.19,unknown
2026-07-17 13:31:52,Unknown,0.23,unknown
2026-07-17 13:31:52,Unknown,0.24,unknown
2026-07-17 13:31:53,Unknown,0.21,unknown
2026-07-17 13:31:53,Unknown,0.13,unknown
2026-07-17 13:31:53,Unknown,0.23,unknown
2026-07-17 13:31:54,Unknown,0.14,unknown
2026-07-17 13:31:54,Unknown,0.23,unknown
2026-07-17 13:31:54,Unknown,0.27,unknown
2026-07-17 13:31:55,Unknown,0.13,unknown
2026-07-17 13:31:55,Unknown,0.21,unknown
2026-07-17 13:31:56,Unknown,0.18,unknown
2026-07-17 13:31:56,Unknown,0.23,unknown
2026-07-17 13:31:57,Unknown,0.20,unknown
2026-07-17 13:31:57,Unknown,0.20,unknown
2026-07-17 13:31:58,Unknown,0.18,unknown
2026-07-17 13:31:58,Unknown,0.20,unknown
2026-07-17 13:31:58,Unknown,0.15,unknown
2026-07-17 13:31:59,Unknown,0.18,unknown
2026-07-17 13:31:59,Unknown,0.19,unknown
2026-07-17 13:32:00,Unknown,0.18,unknown
2026-07-17 13:32:00,Unknown,0.19,unknown
2026-07-17 13:32:01,Unknown,0.18,unknown
2026-07-17 13:32:01,Unknown,0.19,unknown
2026-07-17 13:32:02,Unknown,0.19,unknown
2026-07-17 13:32:02,Unknown,0.18,unknown
2026-07-17 13:32:02,Unknown,0.20,unknown
2026-07-17 13:32:03,Unknown,0.15,unknown
2026-07-17 13:32:03,Unknown,0.20,unknown
2026-07-17 13:32:03,Unknown,0.20,unknown
2026-07-17 13:32:04,Unknown,0.15,unknown
2026-07-17 13:32:04,Unknown,0.18,unknown
2026-07-17 13:32:05,Unknown,0.19,unknown
2026-07-17 13:32:05,Unknown,0.15,unknown
2026-07-17 13:32:05,Unknown,0.19,unknown
2026-07-17 13:32:06,Unknown,0.17,unknown
2026-07-17 13:32:06,Unknown,0.19,unknown
2026-07-17 13:32:07,Unknown,0.18,unknown
2026-07-17 13:32:07,Unknown,0.17,unknown
2026-07-17 13:32:08,Unknown,0.17,unknown
2026-07-17 13:32:08,Unknown,0.17,unknown
2026-07-17 13:32:08,Unknown,0.18,unknown
2026-07-17 13:32:09,Unknown,0.18,unknown
2026-07-17 13:32:10,Unknown,0.20,unknown
2026-07-17 13:32:10,Unknown,0.19,unknown
2026-07-17 13:32:11,Unknown,0.21,unknown
2026-07-17 13:32:11,Unknown,0.20,unknown
2026-07-17 13:32:12,Unknown,0.20,unknown
2026-07-17 13:32:12,Unknown,0.15,unknown
2026-07-17 13:32:13,Unknown,0.21,unknown
2026-07-17 13:32:13,Unknown,0.21,unknown
2026-07-17 13:32:13,Unknown,0.22,unknown
2026-07-17 13:32:14,Unknown,0.16,unknown
2026-07-17 13:32:14,Unknown,0.20,unknown
2026-07-17 13:32:14,Unknown,0.20,unknown
2026-07-17 13:32:15,Unknown,0.19,unknown
2026-07-17 13:32:15,Unknown,0.19,unknown
2026-07-17 13:32:16,Unknown,0.19,unknown
2026-07-17 13:32:16,Unknown,0.19,unknown
2026-07-17 13:32:16,Unknown,0.21,unknown
2026-07-17 13:32:17,Unknown,0.21,unknown
2026-07-17 13:32:17,Unknown,0.20,unknown
2026-07-17 13:32:17,Unknown,0.21,unknown
2026-07-17 13:32:18,Unknown,0.21,unknown
2026-07-17 13:32:18,Unknown,0.21,unknown
2026-07-17 13:32:18,Unknown,0.19,unknown
2026-07-17 13:32:19,Unknown,0.20,unknown
2026-07-17 13:32:19,Unknown,0.20,unknown
2026-07-17 13:32:20,Unknown,0.22,unknown
2026-07-17 13:32:20,Unknown,0.20,unknown
2026-07-17 13:32:20,Unknown,0.21,unknown
2026-07-17 13:32:21,Unknown,0.18,unknown
2026-07-17 13:32:21,Unknown,0.19,unknown
2026-07-17 13:32:22,Unknown,0.16,unknown
2026-07-17 13:32:22,Unknown,0.20,unknown
2026-07-17 13:32:22,Unknown,0.19,unknown
2026-07-17 13:32:23,Unknown,0.20,unknown
2026-07-17 13:32:23,Unknown,0.21,unknown
2026-07-17 13:32:23,Unknown,0.21,unknown
2026-07-17 13:32:24,Unknown,0.14,unknown
2026-07-17 13:32:24,Unknown,0.21,unknown
2026-07-17 13:32:24,Unknown,0.19,unknown
2026-07-17 13:32:25,Unknown,0.14,unknown
2026-07-17 13:32:25,Unknown,0.19,unknown
2026-07-17 13:32:25,Unknown,0.16,unknown
2026-07-17 13:32:25,Unknown,0.16,unknown
2026-07-17 13:32:26,Unknown,0.17,unknown
2026-07-17 13:32:26,Unknown,0.18,unknown
2026-07-17 13:32:26,Unknown,0.18,unknown
2026-07-17 13:32:27,Unknown,0.17,unknown
2026-07-17 13:32:27,Unknown,0.17,unknown
2026-07-17 13:32:27,Unknown,0.19,unknown
2026-07-17 13:32:28,Unknown,0.19,unknown
2026-07-17 13:32:28,Unknown,0.18,unknown
2026-07-17 13:32:28,Unknown,0.18,unknown
2026-07-17 13:32:29,Unknown,0.19,unknown
2026-07-17 13:32:29,Unknown,0.18,unknown
2026-07-17 13:32:30,Unknown,0.17,unknown
2026-07-17 13:32:30,Unknown,0.21,unknown
2026-07-17 13:32:30,Unknown,0.18,unknown
2026-07-17 13:32:31,Unknown,0.19,unknown
2026-07-17 13:32:31,Unknown,0.22,unknown
2026-07-17 13:32:31,Unknown,0.25,unknown
2026-07-17 13:32:32,Unknown,0.20,unknown
2026-07-17 13:32:32,Unknown,0.20,unknown
2026-07-17 13:32:32,Unknown,0.15,unknown
2026-07-17 13:32:32,Unknown,0.20,unknown
2026-07-17 13:32:33,Unknown,0.24,unknown
2026-07-17 13:32:33,Unknown,0.23,unknown
2026-07-17 13:32:33,Unknown,0.20,unknown
2026-07-17 13:32:34,Unknown,0.23,unknown
2026-07-17 13:32:34,Unknown,0.23,unknown
2026-07-17 13:32:34,Unknown,0.26,unknown
2026-07-17 13:32:35,Unknown,0.22,unknown
2026-07-17 13:32:35,Unknown,0.15,unknown
2026-07-17 13:32:35,Unknown,0.20,unknown
2026-07-17 13:32:35,Unknown,0.14,unknown
2026-07-17 13:32:36,Unknown,0.22,unknown
2026-07-17 13:32:36,Unknown,0.25,unknown
2026-07-17 13:32:36,Unknown,0.24,unknown
2026-07-17 13:32:36,Unknown,0.17,unknown
2026-07-17 13:34:43,Unknown,0.15,unknown
